case_id	pdb_id	ligand_id	metabolite_group	family	resolution_a	receptor_pdb	crystal_ligand_sdf	docked_sdf	log_path	vina_score	cnn_pose_score	cnn_affinity	pose_rmsd_a	top_pose_rmsd_a	best_pose_rmsd_a	best_pose_index	pose_count	rmsd_method	rmsd_warning	redock_pass	best_pose_pass	status	failure_reason	command	evaluated_at
CRP_SP1_4R8H	4R8H	SP1	camp_analog	crp_fnr_regulator	1.46	06_Report/Mr_Repro/external_validation/rcsb_seed/prepared/CRP_SP1_4R8H/receptor.pdb	06_Report/Mr_Repro/external_validation/rcsb_seed/prepared/CRP_SP1_4R8H/crystal_ligand.sdf	06_Report/Mr_Repro/external_validation/rcsb_seed/redocking/CRP_SP1_4R8H/docked.sdf	06_Report/Mr_Repro/external_validation/rcsb_seed/redocking/CRP_SP1_4R8H/gnina.log	-10.89306	0.9896220565	5.8610496521	0.366	0.366	0.366	1	9	rdkit_symmetry_in_place		PASS	PASS	PASS		06_Report/Mr_Repro/tools/gnina/run_gnina_wsl.sh -r 06_Report/Mr_Repro/external_validation/rcsb_seed/prepared/CRP_SP1_4R8H/receptor.pdb -l 06_Report/Mr_Repro/external_validation/rcsb_seed/prepared/CRP_SP1_4R8H/crystal_ligand.sdf --center_x 27.856 --center_y -15.194 --center_z 12.616 --size_x 22.0 --size_y 22.0 --size_z 22.0 --exhaustiveness 32 --num_modes 9 --seed 0 --out 06_Report/Mr_Repro/external_validation/rcsb_seed/redocking/CRP_SP1_4R8H/docked.sdf	2026-05-07T16:13:06+00:00
CRP_CMP_1I5Z	1I5Z	CMP	camp	crp_fnr_regulator	1.9	06_Report/Mr_Repro/external_validation/rcsb_seed/prepared/CRP_CMP_1I5Z/receptor.pdb	06_Report/Mr_Repro/external_validation/rcsb_seed/prepared/CRP_CMP_1I5Z/crystal_ligand.sdf	06_Report/Mr_Repro/external_validation/rcsb_seed/redocking/CRP_CMP_1I5Z/docked.sdf	06_Report/Mr_Repro/external_validation/rcsb_seed/redocking/CRP_CMP_1I5Z/gnina.log	-11.38830	0.9925143123	5.9321961403	0.288	0.288	0.288	1	9	rdkit_symmetry_in_place		PASS	PASS	PASS		06_Report/Mr_Repro/tools/gnina/run_gnina_wsl.sh -r 06_Report/Mr_Repro/external_validation/rcsb_seed/prepared/CRP_CMP_1I5Z/receptor.pdb -l 06_Report/Mr_Repro/external_validation/rcsb_seed/prepared/CRP_CMP_1I5Z/crystal_ligand.sdf --center_x 37.471 --center_y 43.941 --center_z 48.889 --size_x 22.0 --size_y 22.0 --size_z 22.0 --exhaustiveness 32 --num_modes 9 --seed 0 --out 06_Report/Mr_Repro/external_validation/rcsb_seed/redocking/CRP_CMP_1I5Z/docked.sdf	2026-05-07T16:13:24+00:00
CRP_CMP_1G6N	1G6N	CMP	camp	crp_fnr_regulator	2.1	06_Report/Mr_Repro/external_validation/rcsb_seed/prepared/CRP_CMP_1G6N/receptor.pdb	06_Report/Mr_Repro/external_validation/rcsb_seed/prepared/CRP_CMP_1G6N/crystal_ligand.sdf	06_Report/Mr_Repro/external_validation/rcsb_seed/redocking/CRP_CMP_1G6N/docked.sdf	06_Report/Mr_Repro/external_validation/rcsb_seed/redocking/CRP_CMP_1G6N/gnina.log	-11.30572	0.9865751863	5.7094311714	0.301	0.301	0.301	1	9	rdkit_symmetry_in_place		PASS	PASS	PASS		06_Report/Mr_Repro/tools/gnina/run_gnina_wsl.sh -r 06_Report/Mr_Repro/external_validation/rcsb_seed/prepared/CRP_CMP_1G6N/receptor.pdb -l 06_Report/Mr_Repro/external_validation/rcsb_seed/prepared/CRP_CMP_1G6N/crystal_ligand.sdf --center_x 22.281 --center_y 41.215 --center_z 43.61 --size_x 22.0 --size_y 22.0 --size_z 22.0 --exhaustiveness 32 --num_modes 9 --seed 0 --out 06_Report/Mr_Repro/external_validation/rcsb_seed/redocking/CRP_CMP_1G6N/docked.sdf	2026-05-07T16:13:42+00:00
CRP_CMP_2CGP	2CGP	CMP	camp	crp_fnr_regulator	2.2	06_Report/Mr_Repro/external_validation/rcsb_seed/prepared/CRP_CMP_2CGP/receptor.pdb	06_Report/Mr_Repro/external_validation/rcsb_seed/prepared/CRP_CMP_2CGP/crystal_ligand.sdf	06_Report/Mr_Repro/external_validation/rcsb_seed/redocking/CRP_CMP_2CGP/docked.sdf	06_Report/Mr_Repro/external_validation/rcsb_seed/redocking/CRP_CMP_2CGP/gnina.log	-10.26159	0.9740728140	5.3703875542	0.281	0.281	0.281	1	9	rdkit_symmetry_in_place		PASS	PASS	PASS		06_Report/Mr_Repro/tools/gnina/run_gnina_wsl.sh -r 06_Report/Mr_Repro/external_validation/rcsb_seed/prepared/CRP_CMP_2CGP/receptor.pdb -l 06_Report/Mr_Repro/external_validation/rcsb_seed/prepared/CRP_CMP_2CGP/crystal_ligand.sdf --center_x -19.912 --center_y 44.279 --center_z 16.137 --size_x 22.0 --size_y 22.0 --size_z 22.0 --exhaustiveness 32 --num_modes 9 --seed 0 --out 06_Report/Mr_Repro/external_validation/rcsb_seed/redocking/CRP_CMP_2CGP/docked.sdf	2026-05-07T16:13:59+00:00
TAR_ASP_2LIG	2LIG	ASP	aspartate	mcp_ligand_binding_domain	2.0	06_Report/Mr_Repro/external_validation/rcsb_seed/prepared/TAR_ASP_2LIG/receptor.pdb	06_Report/Mr_Repro/external_validation/rcsb_seed/prepared/TAR_ASP_2LIG/crystal_ligand.sdf	06_Report/Mr_Repro/external_validation/rcsb_seed/redocking/TAR_ASP_2LIG/docked.sdf	06_Report/Mr_Repro/external_validation/rcsb_seed/redocking/TAR_ASP_2LIG/gnina.log	-5.79601	0.9833085537	4.6529173851	0.797	0.797	0.354	2	9	rdkit_symmetry_in_place		PASS	PASS	PASS		06_Report/Mr_Repro/tools/gnina/run_gnina_wsl.sh -r 06_Report/Mr_Repro/external_validation/rcsb_seed/prepared/TAR_ASP_2LIG/receptor.pdb -l 06_Report/Mr_Repro/external_validation/rcsb_seed/prepared/TAR_ASP_2LIG/crystal_ligand.sdf --center_x 6.073 --center_y 16.041 --center_z 25.436 --size_x 22.0 --size_y 22.0 --size_z 22.0 --exhaustiveness 32 --num_modes 9 --seed 0 --out 06_Report/Mr_Repro/external_validation/rcsb_seed/redocking/TAR_ASP_2LIG/docked.sdf	2026-05-07T16:14:15+00:00
TAR_ASP_1VLT	1VLT	ASP	aspartate	mcp_ligand_binding_domain	2.2	06_Report/Mr_Repro/external_validation/rcsb_seed/prepared/TAR_ASP_1VLT/receptor.pdb	06_Report/Mr_Repro/external_validation/rcsb_seed/prepared/TAR_ASP_1VLT/crystal_ligand.sdf	06_Report/Mr_Repro/external_validation/rcsb_seed/redocking/TAR_ASP_1VLT/docked.sdf	06_Report/Mr_Repro/external_validation/rcsb_seed/redocking/TAR_ASP_1VLT/gnina.log	-5.86577	0.9548810124	4.3399419785	3.009	3.009	1.627	4	9	rdkit_symmetry_in_place		FAIL	PASS	PASS		06_Report/Mr_Repro/tools/gnina/run_gnina_wsl.sh -r 06_Report/Mr_Repro/external_validation/rcsb_seed/prepared/TAR_ASP_1VLT/receptor.pdb -l 06_Report/Mr_Repro/external_validation/rcsb_seed/prepared/TAR_ASP_1VLT/crystal_ligand.sdf --center_x 22.112 --center_y 43.747 --center_z 85.298 --size_x 22.0 --size_y 22.0 --size_z 22.0 --exhaustiveness 32 --num_modes 9 --seed 0 --out 06_Report/Mr_Repro/external_validation/rcsb_seed/redocking/TAR_ASP_1VLT/docked.sdf	2026-05-07T16:14:28+00:00
LAOBP_LYS_1LST	1LST	LYS	lysine	amino_acid_binding	1.8	06_Report/Mr_Repro/external_validation/rcsb_seed/prepared/LAOBP_LYS_1LST/receptor.pdb	06_Report/Mr_Repro/external_validation/rcsb_seed/prepared/LAOBP_LYS_1LST/crystal_ligand.sdf	06_Report/Mr_Repro/external_validation/rcsb_seed/redocking/LAOBP_LYS_1LST/docked.sdf	06_Report/Mr_Repro/external_validation/rcsb_seed/redocking/LAOBP_LYS_1LST/gnina.log	-6.85233	0.9946628809	5.8802971840	0.746	0.746	0.746	1	9	rdkit_symmetry_in_place		PASS	PASS	PASS		06_Report/Mr_Repro/tools/gnina/run_gnina_wsl.sh -r 06_Report/Mr_Repro/external_validation/rcsb_seed/prepared/LAOBP_LYS_1LST/receptor.pdb -l 06_Report/Mr_Repro/external_validation/rcsb_seed/prepared/LAOBP_LYS_1LST/crystal_ligand.sdf --center_x 20.343 --center_y 58.158 --center_z 47.644 --size_x 22.0 --size_y 22.0 --size_z 22.0 --exhaustiveness 32 --num_modes 9 --seed 0 --out 06_Report/Mr_Repro/external_validation/rcsb_seed/redocking/LAOBP_LYS_1LST/docked.sdf	2026-05-07T16:14:41+00:00
LBP_PHE_1USI	1USI	PHE	phenylalanine	amino_acid_binding	1.8	06_Report/Mr_Repro/external_validation/rcsb_seed/prepared/LBP_PHE_1USI/receptor.pdb	06_Report/Mr_Repro/external_validation/rcsb_seed/prepared/LBP_PHE_1USI/crystal_ligand.sdf	06_Report/Mr_Repro/external_validation/rcsb_seed/redocking/LBP_PHE_1USI/docked.sdf	06_Report/Mr_Repro/external_validation/rcsb_seed/redocking/LBP_PHE_1USI/gnina.log	-8.26040	0.9794340134	6.1421623230	0.428	0.428	0.404	2	9	rdkit_symmetry_in_place		PASS	PASS	PASS		06_Report/Mr_Repro/tools/gnina/run_gnina_wsl.sh -r 06_Report/Mr_Repro/external_validation/rcsb_seed/prepared/LBP_PHE_1USI/receptor.pdb -l 06_Report/Mr_Repro/external_validation/rcsb_seed/prepared/LBP_PHE_1USI/crystal_ligand.sdf --center_x 0.735 --center_y 6.225 --center_z 29.539 --size_x 22.0 --size_y 22.0 --size_z 22.0 --exhaustiveness 32 --num_modes 9 --seed 0 --out 06_Report/Mr_Repro/external_validation/rcsb_seed/redocking/LBP_PHE_1USI/docked.sdf	2026-05-07T16:14:55+00:00
LBP_LEU_1USK	1USK	LEU	leucine	amino_acid_binding	2.0	06_Report/Mr_Repro/external_validation/rcsb_seed/prepared/LBP_LEU_1USK/receptor.pdb	06_Report/Mr_Repro/external_validation/rcsb_seed/prepared/LBP_LEU_1USK/crystal_ligand.sdf	06_Report/Mr_Repro/external_validation/rcsb_seed/redocking/LBP_LEU_1USK/docked.sdf	06_Report/Mr_Repro/external_validation/rcsb_seed/redocking/LBP_LEU_1USK/gnina.log	-6.81113	0.9897823334	5.7574524879	0.799	0.799	0.463	2	9	rdkit_symmetry_in_place		PASS	PASS	PASS		06_Report/Mr_Repro/tools/gnina/run_gnina_wsl.sh -r 06_Report/Mr_Repro/external_validation/rcsb_seed/prepared/LBP_LEU_1USK/receptor.pdb -l 06_Report/Mr_Repro/external_validation/rcsb_seed/prepared/LBP_LEU_1USK/crystal_ligand.sdf --center_x 0.292 --center_y 0.452 --center_z 2.886 --size_x 22.0 --size_y 22.0 --size_z 22.0 --exhaustiveness 32 --num_modes 9 --seed 0 --out 06_Report/Mr_Repro/external_validation/rcsb_seed/redocking/LBP_LEU_1USK/docked.sdf	2026-05-07T16:15:09+00:00
GGBP_GLC_2FVY	2FVY	BGC	glucose	periplasmic_sugar_binding	0.92	06_Report/Mr_Repro/external_validation/rcsb_seed/prepared/GGBP_GLC_2FVY/receptor.pdb	06_Report/Mr_Repro/external_validation/rcsb_seed/prepared/GGBP_GLC_2FVY/crystal_ligand.sdf	06_Report/Mr_Repro/external_validation/rcsb_seed/redocking/GGBP_GLC_2FVY/docked.sdf	06_Report/Mr_Repro/external_validation/rcsb_seed/redocking/GGBP_GLC_2FVY/gnina.log	-8.74113	0.9579412937	4.8792176247	0.694	0.694	0.694	1	9	rdkit_symmetry_in_place		PASS	PASS	PASS		06_Report/Mr_Repro/tools/gnina/run_gnina_wsl.sh -r 06_Report/Mr_Repro/external_validation/rcsb_seed/prepared/GGBP_GLC_2FVY/receptor.pdb -l 06_Report/Mr_Repro/external_validation/rcsb_seed/prepared/GGBP_GLC_2FVY/crystal_ligand.sdf --center_x 7.115 --center_y 0.322 --center_z 19.143 --size_x 22.0 --size_y 22.0 --size_z 22.0 --exhaustiveness 32 --num_modes 9 --seed 0 --out 06_Report/Mr_Repro/external_validation/rcsb_seed/redocking/GGBP_GLC_2FVY/docked.sdf	2026-05-07T16:15:22+00:00
MBP_GLC_1ANF	1ANF	GLC	maltose_glucose_units	periplasmic_sugar_binding	1.67	06_Report/Mr_Repro/external_validation/rcsb_seed/prepared/MBP_GLC_1ANF/receptor.pdb	06_Report/Mr_Repro/external_validation/rcsb_seed/prepared/MBP_GLC_1ANF/crystal_ligand.sdf	06_Report/Mr_Repro/external_validation/rcsb_seed/redocking/MBP_GLC_1ANF/docked.sdf	06_Report/Mr_Repro/external_validation/rcsb_seed/redocking/MBP_GLC_1ANF/gnina.log	-6.68696	0.9746162295	3.5721542835	5.124	5.124	3.464	8	9	rdkit_symmetry_in_place		FAIL	FAIL	PASS		06_Report/Mr_Repro/tools/gnina/run_gnina_wsl.sh -r 06_Report/Mr_Repro/external_validation/rcsb_seed/prepared/MBP_GLC_1ANF/receptor.pdb -l 06_Report/Mr_Repro/external_validation/rcsb_seed/prepared/MBP_GLC_1ANF/crystal_ligand.sdf --center_x 9.293 --center_y 14.196 --center_z 38.499 --size_x 22.0 --size_y 22.0 --size_z 22.0 --exhaustiveness 32 --num_modes 9 --seed 0 --out 06_Report/Mr_Repro/external_validation/rcsb_seed/redocking/MBP_GLC_1ANF/docked.sdf	2026-05-07T16:15:36+00:00
MBP_GLC_3MBP	3MBP	GLC	maltose_glucose_units	periplasmic_sugar_binding	1.7	06_Report/Mr_Repro/external_validation/rcsb_seed/prepared/MBP_GLC_3MBP/receptor.pdb	06_Report/Mr_Repro/external_validation/rcsb_seed/prepared/MBP_GLC_3MBP/crystal_ligand.sdf	06_Report/Mr_Repro/external_validation/rcsb_seed/redocking/MBP_GLC_3MBP/docked.sdf	06_Report/Mr_Repro/external_validation/rcsb_seed/redocking/MBP_GLC_3MBP/gnina.log	-5.90695	0.9293613434	3.4292008877	5.003	5.003	0.626	7	9	rdkit_symmetry_in_place		FAIL	PASS	PASS		06_Report/Mr_Repro/tools/gnina/run_gnina_wsl.sh -r 06_Report/Mr_Repro/external_validation/rcsb_seed/prepared/MBP_GLC_3MBP/receptor.pdb -l 06_Report/Mr_Repro/external_validation/rcsb_seed/prepared/MBP_GLC_3MBP/crystal_ligand.sdf --center_x 9.364 --center_y 14.149 --center_z 38.37 --size_x 22.0 --size_y 22.0 --size_z 22.0 --exhaustiveness 32 --num_modes 9 --seed 0 --out 06_Report/Mr_Repro/external_validation/rcsb_seed/redocking/MBP_GLC_3MBP/docked.sdf	2026-05-07T16:15:47+00:00
RBSB_RIB_3KSM	3KSM	BDR	ribose	periplasmic_sugar_binding	1.9	06_Report/Mr_Repro/external_validation/rcsb_seed/prepared/RBSB_RIB_3KSM/receptor.pdb	06_Report/Mr_Repro/external_validation/rcsb_seed/prepared/RBSB_RIB_3KSM/crystal_ligand.sdf	06_Report/Mr_Repro/external_validation/rcsb_seed/redocking/RBSB_RIB_3KSM/docked.sdf	06_Report/Mr_Repro/external_validation/rcsb_seed/redocking/RBSB_RIB_3KSM/gnina.log	-3.70634	0.8943350911	2.7327854633	12.778	12.778	1.572	4	9	rdkit_symmetry_in_place		FAIL	PASS	PASS		06_Report/Mr_Repro/tools/gnina/run_gnina_wsl.sh -r 06_Report/Mr_Repro/external_validation/rcsb_seed/prepared/RBSB_RIB_3KSM/receptor.pdb -l 06_Report/Mr_Repro/external_validation/rcsb_seed/prepared/RBSB_RIB_3KSM/crystal_ligand.sdf --center_x 42.634 --center_y 17.632 --center_z -5.98 --size_x 22.0 --size_y 22.0 --size_z 22.0 --exhaustiveness 32 --num_modes 9 --seed 0 --out 06_Report/Mr_Repro/external_validation/rcsb_seed/redocking/RBSB_RIB_3KSM/docked.sdf	2026-05-07T16:16:00+00:00
GGBP_GLC_2B3B	2B3B	GLC	glucose	periplasmic_sugar_binding	1.95	06_Report/Mr_Repro/external_validation/rcsb_seed/prepared/GGBP_GLC_2B3B/receptor.pdb	06_Report/Mr_Repro/external_validation/rcsb_seed/prepared/GGBP_GLC_2B3B/crystal_ligand.sdf	06_Report/Mr_Repro/external_validation/rcsb_seed/redocking/GGBP_GLC_2B3B/docked.sdf	06_Report/Mr_Repro/external_validation/rcsb_seed/redocking/GGBP_GLC_2B3B/gnina.log	-7.85337	0.9955810905	4.8993105888	0.155	0.155	0.155	1	9	rdkit_symmetry_in_place		PASS	PASS	PASS		06_Report/Mr_Repro/tools/gnina/run_gnina_wsl.sh -r 06_Report/Mr_Repro/external_validation/rcsb_seed/prepared/GGBP_GLC_2B3B/receptor.pdb -l 06_Report/Mr_Repro/external_validation/rcsb_seed/prepared/GGBP_GLC_2B3B/crystal_ligand.sdf --center_x 9.603 --center_y 65.879 --center_z 21.699 --size_x 22.0 --size_y 22.0 --size_z 22.0 --exhaustiveness 32 --num_modes 9 --seed 0 --out 06_Report/Mr_Repro/external_validation/rcsb_seed/redocking/GGBP_GLC_2B3B/docked.sdf	2026-05-07T16:16:12+00:00
RBSB_RIB_1DBP	1DBP	RIP	ribose	periplasmic_sugar_binding	2.2	06_Report/Mr_Repro/external_validation/rcsb_seed/prepared/RBSB_RIB_1DBP/receptor.pdb	06_Report/Mr_Repro/external_validation/rcsb_seed/prepared/RBSB_RIB_1DBP/crystal_ligand.sdf	06_Report/Mr_Repro/external_validation/rcsb_seed/redocking/RBSB_RIB_1DBP/docked.sdf	06_Report/Mr_Repro/external_validation/rcsb_seed/redocking/RBSB_RIB_1DBP/gnina.log	-8.08421	0.9959960580	4.5919361115	0.305	0.305	0.305	1	9	rdkit_symmetry_in_place		PASS	PASS	PASS		06_Report/Mr_Repro/tools/gnina/run_gnina_wsl.sh -r 06_Report/Mr_Repro/external_validation/rcsb_seed/prepared/RBSB_RIB_1DBP/receptor.pdb -l 06_Report/Mr_Repro/external_validation/rcsb_seed/prepared/RBSB_RIB_1DBP/crystal_ligand.sdf --center_x 49.724 --center_y 34.106 --center_z 44.984 --size_x 22.0 --size_y 22.0 --size_z 22.0 --exhaustiveness 32 --num_modes 9 --seed 0 --out 06_Report/Mr_Repro/external_validation/rcsb_seed/redocking/RBSB_RIB_1DBP/docked.sdf	2026-05-07T16:16:27+00:00
RBSB_RIB_1DRJ	1DRJ	RIP	ribose	periplasmic_sugar_binding	2.5	06_Report/Mr_Repro/external_validation/rcsb_seed/prepared/RBSB_RIB_1DRJ/receptor.pdb	06_Report/Mr_Repro/external_validation/rcsb_seed/prepared/RBSB_RIB_1DRJ/crystal_ligand.sdf	06_Report/Mr_Repro/external_validation/rcsb_seed/redocking/RBSB_RIB_1DRJ/docked.sdf	06_Report/Mr_Repro/external_validation/rcsb_seed/redocking/RBSB_RIB_1DRJ/gnina.log	-7.98130	0.9951133728	4.5896430016	0.154	0.154	0.154	1	9	rdkit_symmetry_in_place		PASS	PASS	PASS		06_Report/Mr_Repro/tools/gnina/run_gnina_wsl.sh -r 06_Report/Mr_Repro/external_validation/rcsb_seed/prepared/RBSB_RIB_1DRJ/receptor.pdb -l 06_Report/Mr_Repro/external_validation/rcsb_seed/prepared/RBSB_RIB_1DRJ/crystal_ligand.sdf --center_x 49.761 --center_y 34.598 --center_z 44.498 --size_x 22.0 --size_y 22.0 --size_z 22.0 --exhaustiveness 32 --num_modes 9 --seed 0 --out 06_Report/Mr_Repro/external_validation/rcsb_seed/redocking/RBSB_RIB_1DRJ/docked.sdf	2026-05-07T16:16:39+00:00
